"","gs_id","gs_description","gs_pvalue","gs_genes","gs_de_count","gs_bg_count","Expected","DE_count","z_score","aggr_score","mod"
"GO:0048871","GO:0048871","multicellular organismal-level homeostasis",0.027,"ACVR1B,ACVR2A,ACVR2B,ADCY6,ADGRF5,ADIPOR1,ADIPOR2,ADRB2,ALAS1,APPL2,AQP1,ARHGEF5,ARID4A,ARRDC3,ASXL1,AZGP1,BAP1,BCL6,BCR,BRD1,CALCA,CAV1,CCN2,CCNB2,CDH23,CDH3,CEBPB,CEBPG,CFLAR,CITED2,CLDN1,CLDN12,COMP,CSF1,CXCR2,CYP11B2,DNAJA3,DRAM2,DYRK3,EHMT1,EPAS1,FLCN,FLVCR1,FMO2,FOXO1,FOXO3,GATA2,HYAL2,IGF2BP2,IL20RB,IL2RA,INPP5K,IP6K1,ITGB1,KAT7,KDM1A,KDM3A,KLF13,KMT2E,LAMA4,LCA5,LCN2,LPIN1,MERTK,NCDN,NOX4,NRDC,PDK4,PER2,PIK3CA,PIK3CB,PLEKHM1,POC1B,PRKAA1,RB1,RC3H2,S1PR1,SART3,SCNN1A,SIRT1,SLC25A40,SLC40A1,SMAP1,SOS2,SQSTM1,STAT3,TGFBR3,TLR4,TMOD3,TNS2,TSC22D3,VPS54,VSTM4,WWTR1,YAP1,ZFP36",96,96,92.56,96,-9.79795897113271,-0.610722855169967,"turquoise"
"GO:0048646","GO:0048646","anatomical structure formation involved in morphogenesis",0.055,"ACTN1,ACVR2B,ADAM9,ADAMTS15,ADIPOR2,ADM,AGFG1,AGT,AHI1,ALDH1A3,ANGPTL4,AQP1,ATF2,AXIN1,B4GALT1,BCL6,BMPER,BRD2,C1GALT1,CALCRL,CARD10,CAV1,CCBE1,CCN2,CEMIP2,CEP290,CFLAR,CITED2,CNNM4,CNOT1,CNOT2,COL8A1,CXCR2,DLL3,DUSP1,EHD1,EPAS1,EPB41L5,ERBB2,FLT1,FLT4,FOXO4,GATA2,GLUL,GNA13,HDAC7,HECTD1,HERC1,HEY1,HGS,HIF3A,HIPK1,IRX1,ITGB1,ITGB5,JCAD,JUNB,KDM4C,KRIT1,LAMB1,LATS1,MAP3K3,MCAM,MEF2A,MEIS1,MIA3,MMP14,MMP19,MTMR2,NEBL,NIBAN2,NOTCH4,NPR2,OVOL2,PAFAH1B1,PHLDB1,PIK3C2A,PIK3CA,PIK3CB,PIM1,PLCG1,PML,PRKX,PTPRB,RAPGEF3,RBM46,RELN,S1PR1,SEC24B,SEMA6A,SERPINE1,SETD2,SIRT1,SLC25A46,SLC40A1,SMAD4,SPHK1,SPRY1,SPRY2,SRPK2,STAT3,TBC1D20,TBX5,TCAP,TGFBR1,TGFBR3,TGM2,TM4SF1,TMEM215,TMF1,TMOD1,TMOD3,TNFRSF12A,TULP3,TXNRD1,UBP1,UNC13D,VEGFD,VEZF1,VSTM4,WARS1,YAP1",122,123,118.6,122,-11.0453610171873,-0.550259308986214,"turquoise"
"GO:0061061","GO:0061061","muscle structure development",0.06,"ACTN1,ADAMTS15,ADM,AGT,ANKRD17,ARID2,ASS1,BOC,BTBD1,BTG2,CAV1,CAV2,CFLAR,CHRNB1,CITED2,CNTF,COMP,CTDP1,CTH,DISP1,EHD1,EPAS1,ERBB3,FGFRL1,FOXO4,FXR1,HDAC4,HEY1,HIRA,HLF,ITGB1,JPH1,KDM1A,KMT5B,LAMB1,LAMB2,LRRC8A,MAFF,MDM2,MEF2A,MMP14,MRTFB,NEBL,NIBAN2,NLN,NOX4,PAXBP1,PDLIM2,PDLIM5,PHF10,POPDC2,PRKAA1,PRR14,QKI,RB1,RPS6KB1,S1PR1,SFMBT1,SIK1,SIRT1,SIRT2,SMAD4,SMARCD2,SPAG9,TBX5,TCAP,TCF23,TGFBR1,TGFBR3,TMOD1,TMOD3,USP2,VPS54,YBX3,YY1",75,75,72.31,75,-8.66025403784439,-0.580753721987268,"turquoise"
"GO:0044281","GO:0044281","small molecule metabolic process",0.064,"ABCA1,ABCG2,ACAD8,ACSM5,ADCY5,ADCY6,ADIPOR1,ADIPOR2,ADM,AHCY,AHCYL1,AK3,ALDH1A3,ALDH1L1,ALDH6A1,ALOXE3,APPL2,ARG2,ASL,ASS1,ATP1B1,B4GALT1,C1QTNF12,CARMIL1,CARS1,CAV1,CBS,CD320,CLPX,COASY,COQ10A,COQ10B,COQ8A,CRTC2,CRY1,CTH,CTNS,CTPS1,CYP11B2,CYP2E1,CYP2S1,CYP4B1,DAB2,DBT,DCAF5,DDIT4,DHRS3,DHTKD1,DIP2A,DLG1,ELOVL5,ENTPD4,FAH,FITM2,FLCN,FMO2,FMO3,FOXO1,GCLC,GCLM,GDA,GDPD1,GHR,GIT1,GLUD2,GLUL,GPAT4,GRHPR,GTPBP1,HDAC4,HDLBP,HSD17B1,IARS2,IDO1,INPP5K,INSIG2,INSR,IP6K1,IPMK,IRS1,IRS2,ISYNA1,ITPKC,IVD,KAT2B,KDM1A,KDM3A,LBR,LIPE,LPIN1,LPIN2,MAPKAPK2,MARS1,MAT2A,MFN1,MMUT,MORC2,MTMR2,MTRR,NADK,NFE2L1,NLN,NOX4,NPC1,NPR2,OAT,ODC1,PAFAH1B1,PDE4C,PDE7A,PDK2,PDK4,PER2,PEX5,PFKFB1,PFKFB3,PFKL,PIK3CA,PLOD2,PNPLA2,PNPLA8,POR,PPIP5K1,PPP4R3B,PRKAA1,PRKCE,PRODH,PTEN,PTGS1,QKI,RANBP2,RETSAT,RORC,SAMHD1,SC5D,SCARF1,SDR16C5,SEPHS2,SESN2,SIK1,SIRT1,SLC16A12,SLC19A3,SLC25A16,SLC4A7,SLC6A8,SORBS1,SORD,SPHK1,STAT3,TGDS,TTR,UNG,USP7,WARS1,XDH",156,158,152.34,156,-12.4899959967968,-0.627198830966884,"turquoise"
"GO:0042592","GO:0042592","homeostatic process",0.084,"ABCA1,ACVR1B,ACVR2A,ACVR2B,ADCY5,ADCY6,ADGRF5,ADIPOR1,ADIPOR2,ADM,ADRB2,AGT,ALAS1,ANGPTL4,ANO1,APPL2,AQP1,ARHGEF5,ARID2,ARID4A,ARRDC3,ASXL1,ATP13A1,ATP13A3,ATP1A1,ATP1B1,ATP2B1,AZGP1,BAG3,BAP1,BCL6,BCR,BNIP3,BRD1,C1QTNF12,CALCA,CAMK2D,CAV1,CAV2,CCDC186,CCN2,CCNB2,CDH23,CDH3,CEBPB,CEBPG,CFLAR,CHP1,CITED2,CLDN1,CLDN12,CNNM2,CNNM4,COMP,CRTC2,CRY1,CRY2,CSF1,CXCR2,CYBRD1,CYP11B2,DDX3X,DEDD2,DNAJA3,DNAJB2,DRAM2,DYRK3,EHD1,EHMT1,EPAS1,FITM2,FLCN,FLVCR1,FMO2,FOXO1,FOXO3,GATA2,GCLC,GCLM,GIT1,GPIHBP1,HERPUD1,HYAL2,IGF2BP2,IL20RB,IL2RA,INPP5K,INSR,IP6K1,IRS1,IRS2,ITGB1,ITPR1,JPH1,KAT7,KDM1A,KDM3A,KLF13,KLF15,KMT2E,KRIT1,LAMA4,LAMP2,LCA5,LCN2,LETM1,LPIN1,LRRC8A,MAFG,MCL1,MED13,MERTK,NCDN,NOX4,NPC1,NRDC,PDK2,PDK4,PDZD8,PER2,PICALM,PIK3CA,PIK3CB,PIK3R1,PIM3,PKD2,PLCD1,PLCG1,PLEKHM1,PML,PNPLA2,PNPLA8,POC1B,PRDX6,PRKAA1,PRKCE,RAB11FIP5,RAF1,RB1,RC3H2,RHOT2,RPH3AL,S1PR1,SART3,SCNN1A,SEC24A,SESN2,SIRT1,SLC12A4,SLC25A37,SLC25A40,SLC25A46,SLC40A1,SLC4A7,SLC66A1,SLC6A2,SLC8B1,SMAD4,SMAP1,SOS2,SQSTM1,STAT3,STXBP3,TENT4B,TGFBR3,TGM2,TLR4,TMBIM6,TMOD3,TMTC2,TNS2,TRIM24,TRPM7,TSC22D3,TXNRD1,VDR,VPS54,VSTM4,WWTR1,XPR1,YAP1,ZFP36",182,185,178.37,182,-13.490737563232,-0.573171063727014,"turquoise"
"GO:0071705","GO:0071705","nitrogen compound transport",0.084,"ABCA1,ABCG2,ACVR2B,ADAM9,ADCY5,AGFG1,AGT,AHCTF1,AHCYL1,AKAP8,AKAP8L,ALKBH5,ANKRD27,ANO1,APPL2,AQP1,ARC,ARCN1,ARFGAP1,ARHGEF5,ARIH2,ARL4A,ARL5B,ARRDC3,ATF2,ATG13,ATG14,ATP13A1,ATP13A3,ATP1B1,AZGP1,BAG3,BAP1,BCR,BNIP3L,C1QTNF12,CALCRL,CANX,CASC3,CAV1,CBLB,CCDC186,CD2AP,CD320,CDKN1A,CEP290,CHP1,CHTOP,COG2,COMP,CRY2,CSNK2A2,CTDSPL2,CTNS,DAB2,DDX19B,DENND4C,DISP1,EHBP1,EHD1,EIF4ENIF1,EPS15,ERBB2,ERBIN,EXOC5,EXPH5,FBXO7,FLVCR1,FMR1,FOXO1,GABBR1,GCC2,GLUL,GOLPH3,GOPC,GPIHBP1,GRIPAP1,HERPUD1,HGS,HOOK1,HOOK3,HPS4,HYAL2,IGF2BP2,INPP5K,IPO5,IRS1,IRS2,IST1,ITGB1,ITPR1,KPNA1,KPNA4,LAMP2,LCA5,LRRC8A,LSG1,MAPK8IP3,MCL1,MIA3,MICALL1,MON2,NFKBIA,NPEPPS,NPLOC4,NRDE2,NUP153,NUP160,NUP98,NXF1,PAFAH1B1,PCM1,PER2,PEX26,PEX5,PFKL,PIK3R1,PIM3,PKD1,PLEKHA3,PLEKHF2,PLEKHM1,PML,PPM1A,PREB,PRKAA1,PRKCE,PRKCI,PXK,QKI,RAB11FIP5,RAB21,RAB3A,RAB3GAP2,RABGEF1,RAF1,RALBP1,RANBP2,RAPGEF3,RIC1,RIPK1,RIPOR1,RNF31,RPH3AL,RUFY1,SEC24A,SEC24B,SEC63,SEH1L,SENP2,SETD2,SFT2D2,SFXN2,SGTB,SLC12A4,SLC16A12,SLC17A5,SLC18A2,SLC19A3,SLC25A16,SLC25A22,SLC25A29,SLC25A51,SLC35D1,SLC36A4,SLC38A2,SLC38A9,SLC3A2,SLC43A1,SLC43A3,SLC48A1,SLC5A6,SLC66A1,SLC6A2,SLC6A8,SLC6A9,SLC7A6,SLC7A8,SLC8B1,SMURF1,SNX21,SNX25,SNX33,SNX8,SNX9,SPIRE1,SQSTM1,SRP68,STAM,STAT3,STX16,STX3,STXBP3,STXBP5,SYVN1,TAMALIN,TANGO2,TLK1,TLR4,TMED5,TNPO1,TOM1,TRAK2,TRIM23,TXNIP,UBE2G2,UBR5,UPF2,USO1,VPS37C,VPS54,WASHC4,XPO5,YTHDC1,ZC3H3,ZFP36",216,220,212.12,216,-14.6969384566991,-0.491120995790999,"turquoise"
"GO:0032880","GO:0032880","regulation of protein localization",0.107,"ADAM9,ADCY5,ANO1,ARHGEF5,ARIH2,ATG13,BAG3,BAP1,BCL2L1,BMPER,BNIP3L,BORA,C1QTNF12,CARD10,CCNE2,CD2AP,CELSR2,CENPQ,CEP120,CEP290,CHP1,CSNK1E,CSNK2A2,CTDSPL2,DAB2,DLG1,EGFR,EPB41,EPB41L5,ERBB2,EXPH5,FERMT2,FLCN,FOXO1,GCC2,GLUL,GNAI1,GOLPH3,GOPC,GPC4,GRIPAP1,HECTD1,HPS4,HYAL2,ILRUN,INPP5K,IPO5,IRS1,IRS2,ITGB1,ITPR1,KAT7,KDM1A,LATS1,LIMK2,LRRC8A,MMP14,NPEPPS,NUMB,NVL,OTUD7B,PCM1,PER2,PFKL,PICALM,PIK3R1,PIM3,PLEKHM2,PLK1,PPFIA1,PPM1A,PRKAA1,PRKCE,PRKCI,PTP4A3,RAB11FIP5,RAPGEF3,RIPOR1,RNF31,RPH3AL,SEC24A,SESN2,SETD2,SLC25A22,SLC8B1,SNX33,SORBS1,SPIDR,SQSTM1,STX3,STXBP5,TAMALIN,TESK1,TLR4,TMBIM1,UBE2G2,UBR5,WAPL,WWTR1,YAP1,ZDHHC8",101,102,98.35,101,-10.0498756211209,-0.457784466056478,"turquoise"
"GO:0072359","GO:0072359","circulatory system development",0.113,"ACVR2B,ADGRF5,ADIPOR2,ADM,AGT,AHI1,ANGPTL4,ANGPTL7,ANKRD17,AQP1,ARID2,ASXL1,ATF2,B4GALT1,BICC1,BMPER,C1GALT1,CALCRL,CARD10,CAV1,CCBE1,CCN2,CDKN1A,CDKN1B,CEMIP2,CFLAR,CITED2,CNTRL,COL8A1,COMP,CTDP1,CTH,CXCR2,DHRS3,ECE1,EGFR,EPAS1,ERBB2,ERBB3,ERRFI1,FGFRL1,FLT1,FLT4,FLVCR1,FOXO1,FOXO4,FZD4,GATA2,GLUL,GNA13,HDAC7,HECTD1,HEY1,HGS,HIF3A,HIPK1,INSR,ITGB1,JCAD,JUNB,KAT2B,KRIT1,MAP3K3,MCAM,MDM2,MEF2A,MEIS1,MIA3,MMP14,MMP19,MYO1E,NEBL,NIBAN2,NIPBL,NOTCH4,NOX4,NPR2,OVOL2,PAXIP1,PDLIM2,PDLIM5,PIK3C2A,PIK3CA,PIK3CB,PIM1,PKD1,PKD2,PLCG1,PML,POPDC2,PRKX,PSKH1,PTEN,PTPRB,QKI,RAPGEF3,RB1,RB1CC1,RIC8A,S1PR1,SAV1,SCUBE1,SEC24B,SEMA6A,SENP2,SERPINE1,SETD2,SIK1,SIRT1,SLC2A12,SMAD4,SOCS3,SPHK1,SPRY1,SPRY2,SRPK2,STAT3,SVEP1,TAB2,TBX5,TCAP,TFDP2,TGFBR1,TGFBR3,TMEM215,TMEM65,TNFRSF12A,UBP1,VEGFD,VEZF1,VSTM4,WARS1,XDH,YAP1,YY1,ZFAND5",136,138,133.06,136,-11.6619037896906,-0.5756525750004,"turquoise"
"GO:0001944","GO:0001944","vasculature development",0.114,"ACVR2B,ADGRF5,ADIPOR2,ADM,AGT,ANGPTL4,ANGPTL7,ANKRD17,AQP1,ARID2,ATF2,B4GALT1,BMPER,C1GALT1,CALCRL,CARD10,CAV1,CCBE1,CCN2,CEMIP2,CFLAR,CITED2,CNTRL,COL8A1,COMP,CTH,CXCR2,EPAS1,ERBB2,ERRFI1,FLT1,FLT4,FLVCR1,FOXO1,FOXO4,FZD4,GATA2,GLUL,GNA13,HDAC7,HECTD1,HEY1,HGS,HIF3A,HIPK1,ITGB1,JCAD,JUNB,KRIT1,MAP3K3,MCAM,MDM2,MEIS1,MIA3,MMP14,MMP19,MYO1E,NIBAN2,NOTCH4,NPR2,OVOL2,PAXIP1,PIK3C2A,PIK3CA,PIK3CB,PKD1,PKD2,PLCG1,PML,PRKX,PTPRB,QKI,RAPGEF3,RIC8A,S1PR1,SEC24B,SEMA6A,SERPINE1,SETD2,SIRT1,SOCS3,SPHK1,SPRY2,SRPK2,STAT3,SVEP1,TBX5,TGFBR1,TGFBR3,TMEM215,TNFRSF12A,UBP1,VEGFD,VEZF1,VSTM4,WARS1,XDH,YAP1,ZFAND5",99,100,96.42,99,-9.9498743710662,-0.612023793722836,"turquoise"
"GO:0042176","GO:0042176","regulation of protein catabolic process",0.115,"ADAM9,ARIH1,ARIH2,AXIN1,BTRC,CAV1,CBLB,CDK2,CDKN1B,CHFR,CSNK1D,CSNK1E,DAB2,DACT1,DEDD,DNAJB2,EGFR,FAM83D,FBXL20,FBXO11,FMR1,FOXO1,GCLC,GNA12,HECTD1,HERPUD1,HGS,IRAK3,ITCH,MARCHF7,MDM2,NRDC,NUB1,ODC1,PACSIN3,PHF20L1,PKD1,PLK1,RELA,RIC1,RNF19B,RNF40,RNF41,SERPINE2,SGSM3,SIRT2,SMAD4,SNX33,SNX9,TIMP3,TIMP4,TLK2,TMF1,UBQLN4,UBR3,USP14,USP7,WAC",58,58,55.92,58,-7.61577310586391,-0.439856500876222,"turquoise"
"GO:0071702","GO:0071702","organic substance transport",0.117,"ABCA1,ABCG2,ACVR2B,ADAM9,ADCY5,AGFG1,AGT,AHCTF1,AHCYL1,AHNAK,AKAP8,AKAP8L,ALKBH5,ANKRD27,ANO1,APPL2,AQP1,ARC,ARCN1,ARFGAP1,ARHGEF5,ARIH2,ARL4A,ARL5B,ARRDC3,ATF2,ATG13,ATG14,ATG2A,ATG9A,ATP13A1,ATP13A3,ATP1B1,ATP2B1,ATP9A,AZGP1,BAG3,BAP1,BCR,BNIP3L,C1QTNF12,CALCRL,CAMK2D,CANX,CASC3,CAV1,CBLB,CCDC186,CCN2,CD2AP,CD320,CDH23,CDKN1A,CEP290,CHP1,CHTOP,COG2,COMP,CREBL2,CRY1,CRY2,CSNK2A2,CTDSPL2,CTNS,DAB2,DDX19B,DENND4C,DISP1,EHBP1,EHD1,EIF4ENIF1,EPB41,EPS15,ERBB2,ERBIN,EXOC5,EXPH5,FBXO11,FBXO7,FLVCR1,FMR1,FOXO1,FZD4,GABBR1,GCC2,GLUL,GOLPH3,GOPC,GPIHBP1,GRIPAP1,HDLBP,HERPUD1,HGS,HOOK1,HOOK3,HPS4,HYAL2,IGF2BP2,INPP5K,INSR,IPO5,IRS1,IRS2,IST1,ITGB1,ITPR1,JPH1,KLF15,KPNA1,KPNA4,LAMP2,LCA5,LETM1,LRRC8A,LSG1,MAPK8IP3,MCL1,MEF2A,MIA3,MICALL1,MON2,NFKBIA,NPC1,NPEPPS,NPLOC4,NRDE2,NUP153,NUP160,NUP98,NXF1,PACSIN3,PAFAH1B1,PCM1,PDZD8,PER2,PEX26,PEX5,PFKL,PIK3R1,PIM3,PITPNB,PKD1,PKD2,PLCD1,PLCG1,PLEKHA3,PLEKHF2,PLEKHM1,PML,PNPLA8,PPM1A,PREB,PRKAA1,PRKCE,PRKCI,PSEN2,PXK,QKI,RAB11FIP5,RAB21,RAB3A,RAB3GAP2,RABGEF1,RAF1,RALBP1,RANBP2,RAPGEF3,RIC1,RIPK1,RIPOR1,RNF31,RPH3AL,RPS6KB1,RUFY1,SEC24A,SEC24B,SEC63,SEH1L,SENP2,SESN2,SESTD1,SETD2,SFT2D2,SFXN2,SGTB,SIRT1,SLC10A1,SLC10A6,SLC16A11,SLC16A12,SLC17A5,SLC18A2,SLC19A3,SLC23A3,SLC25A16,SLC25A22,SLC25A29,SLC25A51,SLC2A12,SLC35D1,SLC36A4,SLC38A2,SLC38A9,SLC3A2,SLC43A1,SLC43A3,SLC48A1,SLC4A7,SLC5A6,SLC66A1,SLC66A2,SLC6A2,SLC6A8,SLC6A9,SLC7A6,SLC7A8,SLC8B1,SLCO2A1,SLCO5A1,SMURF1,SNX21,SNX25,SNX33,SNX8,SNX9,SORBS1,SPIRE1,SQSTM1,SRP68,STAM,STAT3,STX16,STX3,STXBP3,STXBP5,SYVN1,TAMALIN,TANGO2,TEX2,TLK1,TLR4,TMBIM6,TMED5,TMF1,TNPO1,TOM1,TRAK2,TRIM23,TRPC4AP,TRPM7,TXNIP,UBE2G2,UBR3,UBR5,UPF2,USO1,VDR,VPS37C,VPS54,WASHC4,XPO5,YES1,YTHDC1,ZC3H3,ZDHHC8,ZFP36",266,272,262.26,266,-16.3095064303001,-0.506288784975026,"turquoise"
"GO:0044283","GO:0044283","small molecule biosynthetic process",0.12,"ACSM5,ADM,ALDH1A3,ALOXE3,ASL,ASS1,C1QTNF12,CBS,COQ10A,COQ10B,COQ8A,CRTC2,CRY1,CTH,CYP11B2,CYP2E1,DAB2,DCAF5,ELOVL5,FMO3,FOXO1,GLUD2,GLUL,HSD17B1,IDO1,INSIG2,IP6K1,IPMK,ISYNA1,ITPKC,KAT2B,KDM3A,LBR,MTRR,NLN,OAT,PDK2,PDK4,PER2,PFKFB1,PLOD2,PNPLA8,POR,PPIP5K1,PPP4R3B,PRKAA1,PTGS1,QKI,RANBP2,SC5D,SEPHS2,SESN2,SIK1,SIRT1,SORD,SPHK1,USP7",57,57,54.96,57,-7.54983443527075,-0.724059905233925,"turquoise"
"GO:0048870","GO:0048870","cell motility",0.12,"ACVR1B,ADAM9,ADIPOR1,AGT,ALKBH1,ANKS1A,APPL2,AQP1,ARC,ARHGEF5,ARID2,ARID4A,ARID4B,B4GALT1,BCR,BMPER,BRMS1L,CALCA,CARD10,CARMIL1,CAV1,CCAR1,CCBE1,CCDC141,CCN2,CCNYL1,CD2AP,CDC42BPA,CELSR2,CEP85L,CITED2,CLDN1,CORO6,CRK,CSF1,CXCR2,DAB2,DDIT4,DIXDC1,DST,DUSP1,EGFR,ELMO1,EPB41L4B,EPB41L5,FAM83D,FBXO31,FERMT2,FLCN,FLT1,FLT4,FMNL2,FOXO3,FOXO4,FSCN3,FZD4,GATA2,GLUL,GNA12,GNA13,GNRH1,GOLPH3,GPC4,HDAC7,HYAL2,INPP5F,INSR,IRS2,ITGB1,ITGB5,JCAD,JMY,KANK2,KIF2A,KRIT1,LAMA4,LAMB1,LHX6,MAP3K3,MCAM,MERTK,MIA3,MMP14,MYD88,MYSM1,NCKAP1,NET1,NIPBL,NTN4,NUMB,OSGIN1,OVOL2,OXSR1,PAFAH1B1,PARD6B,PATZ1,PAXIP1,PBXIP1,PCM1,PEX5,PIK3C2A,PIK3CA,PIK3CB,PIK3R1,PIP5K1A,PIP5K1C,PKN2,PLAT,PLCG1,PLVAP,PML,PRKCE,PRKCI,PRKX,PRSS56,PTEN,PTP4A3,PTPRB,PTPRR,RABGEF1,RAF1,RELN,RIC8A,RIPOR1,RNF20,RNF41,RPS6KB1,S1PR1,SAP30L,SEMA3B,SEMA4B,SEMA4F,SEMA6A,SEMA6B,SEMA6D,SERPINE1,SERPINE2,SETD2,SGK1,SH3D21,SIN3B,SIRT1,SLC8B1,SLK,SMAD4,SMURF2,SORD,SPAG9,SPHK1,SPRY2,SSX2IP,STAT3,STRIP2,SUDS3,TBX5,TEKT4,TESK1,TGFBR1,TGFBR3,TIRAP,TLR4,TMF1,USP33,VEGFD,VSTM4,YES1,ZFAND5,ZRANB1",168,171,164.88,168,-12.9614813968157,-0.548567797687581,"turquoise"
"GO:0003013","GO:0003013","circulatory system process",0.125,"ABCG2,ADCY6,ADM,ADRB2,AGT,ATP1A1,ATP1B1,ATP2B1,BCR,CALCA,CAMK2D,CAV1,CBS,CCN2,COMP,CXCR2,CYP11B2,DLG1,ECE1,EPAS1,FERMT2,GCLC,GCLM,GNA12,GNA13,INSR,KCNG2,KCNH6,KCNIP2,MDM2,MEF2A,NDST2,NOX4,NPR2,PER2,PIK3C2A,PIK3CA,PLVAP,POPDC2,PTGS1,PTP4A3,SCNN1A,SGK1,SLC16A12,SLC38A2,SLC5A6,SLC6A9,SLC7A8,SVEP1,TBX5,TCAP,TMEM65,VSTM4,WWTR1,YAP1,YES1",56,56,53.99,56,-7.48331477354788,-0.6785075576156,"turquoise"
"GO:0040011","GO:0040011","locomotion",0.129,"ACVR1B,ADAM9,ADIPOR1,AGT,ALCAM,ALKBH1,APPL2,AQP1,ARHGEF5,ARID2,ARID4A,ARID4B,ARRDC3,B3GNT2,BCR,BMPER,BOC,BRMS1L,CALCA,CARD10,CARMIL1,CAV1,CCAR1,CCBE1,CITED2,CLDN1,CRK,CSF1,CXCR2,DAB2,DUSP1,ECE1,EGFR,EPB41L4B,EPB41L5,ERBB2,FBXO31,FBXO7,FERMT2,FLCN,FLT1,FLT4,FOXO3,FOXO4,FZD4,GATA2,GLUL,GNA12,GNA13,GNRH1,HDAC7,HYAL2,INPP5F,INSR,IRS2,ITGB1,JCAD,KALRN,KIF2A,KRIT1,LAMA4,LAMB1,LAMB2,MACO1,MAP3K3,MCAM,MIA3,MMP14,MYD88,MYSM1,NIBAN2,NIPBL,NUMB,OSGIN1,OXSR1,PARD6B,PATZ1,PIK3C2A,PIK3CB,PIK3R1,PIP5K1A,PIP5K1C,PKN2,PLCG1,PLVAP,PRKCE,PRKX,PRSS56,PTEN,PTPRR,RABGEF1,RAF1,RALBP1,RELN,RIPOR1,RNF20,RNF41,RPS6KB1,S1PR1,SAP30L,SEMA3B,SEMA4B,SEMA4F,SEMA6A,SEMA6B,SEMA6D,SERPINE1,SERPINE2,SGK1,SIN3B,SIRT1,SLC25A46,SLC8B1,SLK,SMAD4,SMURF2,SPAG9,SPHK1,SPRY2,SSX2IP,STAT3,STX3,SUDS3,TBX5,TGFBR1,TIRAP,TLR4,USP14,USP33,VEGFD,YTHDF1",131,133,128.24,131,-11.4455231422596,-0.518401183997998,"turquoise"
"GO:0001568","GO:0001568","blood vessel development",0.137,"ACVR2B,ADGRF5,ADIPOR2,ADM,AGT,ANGPTL4,ANKRD17,AQP1,ARID2,ATF2,B4GALT1,BMPER,C1GALT1,CALCRL,CARD10,CAV1,CCBE1,CCN2,CEMIP2,CFLAR,CITED2,CNTRL,COL8A1,COMP,CXCR2,EPAS1,ERBB2,FLT1,FLT4,FLVCR1,FOXO1,FOXO4,FZD4,GATA2,GLUL,GNA13,HDAC7,HECTD1,HEY1,HGS,HIF3A,HIPK1,ITGB1,JCAD,JUNB,KRIT1,MAP3K3,MCAM,MDM2,MEIS1,MIA3,MMP14,MMP19,MYO1E,NIBAN2,NOTCH4,NPR2,OVOL2,PAXIP1,PIK3C2A,PIK3CA,PIK3CB,PKD1,PKD2,PLCG1,PML,PRKX,PTPRB,QKI,RAPGEF3,S1PR1,SEC24B,SEMA6A,SERPINE1,SETD2,SIRT1,SOCS3,SPHK1,SPRY2,SRPK2,STAT3,TBX5,TGFBR1,TGFBR3,TMEM215,TNFRSF12A,UBP1,VEGFD,VEZF1,VSTM4,WARS1,XDH,YAP1",93,94,90.63,93,-9.64365076099295,-0.605753314588418,"turquoise"
"GO:0009987","GO:0009987","cellular process",0.137,"ABCA1,ABCG2,ABHD15,ABRAXAS1,ACAD8,ACAP2,ACR,ACSM5,ACTN1,ACVR1B,ACVR2A,ACVR2B,ADAM9,ADAMTS15,ADAMTS2,ADAMTS20,ADAMTSL4,ADCK2,ADCK5,ADCY5,ADCY6,ADGRF2,ADGRF4,ADGRF5,ADGRL2,ADGRL4,ADIPOR1,ADIPOR2,ADM,ADRB2,AFF3,AGFG1,AGO4,AGT,AHCTF1,AHCY,AHCYL1,AHI1,AHNAK,AJM1,AK3,AKAP1,AKAP3,AKAP8,AKAP8L,ALAS1,ALCAM,ALDH1A3,ALDH1L1,ALDH6A1,ALKBH1,ALKBH5,ALOXE3,ALS2CL,AMER3,ANGEL2,ANGPTL1,ANGPTL4,ANGPTL7,ANKRD13B,ANKRD17,ANKRD27,ANKS1A,ANO1,ANXA7,AOC2,APPL2,AQP1,ARC,ARCN1,ARFGAP1,ARG2,ARHGAP12,ARHGAP21,ARHGAP26,ARHGAP29,ARHGAP5,ARHGEF5,ARID2,ARID4A,ARID4B,ARIH1,ARIH2,ARL4A,ARL5B,ARRDC3,ASL,ASS1,ASXL1,ATE1,ATF1,ATF2,ATF5,ATG101,ATG13,ATG14,ATG2A,ATG9A,ATP13A1,ATP13A3,ATP1A1,ATP1B1,ATP2B1,ATP9A,ATXN2L,AXIN1,AZGP1,B3GNT2,B4GALT1,B4GALT6,BACH1,BAG3,BAHD1,BAIAP2,BAP1,BAZ1A,BAZ2B,BCAR3,BCL2L1,BCL6,BCL7B,BCLAF1,BCORL1,BCR,BICC1,BMPER,BMT2,BNIP3,BNIP3L,BOC,BORA,BRAP,BRD1,BRD2,BRMS1L,BRPF1,BRPF3,BRWD1,BTBD1,BTBD6,BTG2,BTRC,BZW1,C1GALT1,C1QTNF12,CAB39,CABLES1,CABLES2,CACUL1,CALCA,CALCOCO1,CALCRL,CAMK2D,CAMSAP1,CAMSAP2,CAMTA1,CANX,CAPZA3,CARD10,CARMIL1,CARS1,CASC3,CAV1,CAV2,CBLB,CBS,CBX7,CC2D1B,CCAR1,CCBE1,CCDC117,CCDC120,CCDC141,CCDC186,CCDC8,CCN2,CCNB2,CCND3,CCNE2,CCNG2,CCNL2,CCNO,CCNY,CCNYL1,CCP110,CCPG1,CCSER2,CD14,CD2AP,CD320,CDAN1,CDC25A,CDC37L1,CDC42BPA,CDC42BPG,CDC42EP4,CDH23,CDH3,CDK2,CDKN1A,CDKN1B,CDKN2AIP,CEBPB,CEBPG,CELF1,CELSR2,CENPC,CENPQ,CEP120,CEP192,CEP290,CEP57,CEP85L,CFLAR,CGRRF1,CHD1,CHFR,CHP1,CHRNB1,CHTOP,CISH,CITED2,CIZ1,CLCC1,CLDN1,CLDN12,CLDN22,CLIP1,CLPX,CLSPN,CMTR1,CNN3,CNNM2,CNNM4,CNOT1,CNOT2,CNOT6,CNPPD1,CNTF,CNTRL,COASY,COG2,COL8A1,COMP,COQ10A,COQ10B,COQ8A,CORO6,CPEB3,CPEB4,CPNE8,CPSF1,CPSF7,CREB3L4,CREBL2,CREBRF,CRISPLD2,CRK,CRTC2,CRY1,CRY2,CSDE1,CSF1,CSNK1D,CSNK1E,CSNK2A2,CSPP1,CSRNP1,CTDP1,CTDSP1,CTDSP2,CTDSPL,CTDSPL2,CTH,CTNS,CTPS1,CTTNBP2NL,CUL4A,CXCR2,CYBRD1,CYP11B2,CYP2E1,CYP2S1,CYP4B1,CYTH3,DAB2,DACT1,DACT3,DAPK1,DBT,DCAF1,DCAF11,DCAF5,DCAF6,DCUN1D3,DDIT4,DDX19B,DDX23,DDX3X,DDX42,DEDD,DEDD2,DENND4C,DENND5A,DENND6A,DGCR8,DHRS3,DHTKD1,DHX15,DHX16,DHX8,DIP2A,DISP1,DIXDC1,DLG1,DLL3,DNAJA3,DNAJB1,DNAJB12,DNAJB2,DNAJB5,DNAJB9,DNAJC11,DNAJC25,DOCK9,DRAM2,DST,DTNA,DTX2,DUSP1,DUSP11,DUSP26,DYRK1A,DYRK3,E2F6,EBF4,ECE1,ECPAS,EEF2,EFTUD2,EGFR,EHBP1,EHD1,EHMT1,EHMT2,EIF2AK4,EIF3B,EIF4B,EIF4ENIF1,EIF5,ELF1,ELF2,ELL,ELL2,ELMO1,ELOVL5,EMSY,ENDOU,ENTPD4,EPAS1,EPB41,EPB41L4B,EPB41L5,EPC1,EPC2,EPS15,EPS15L1,EPS8L2,ERBB2,ERBB3,ERBIN,ERF,ERG,ERI1,ERRFI1,ESCO1,ETF1,EVPL,EXOC5,EXOG,EXOSC10,EXPH5,EZH1,FAH,FAM13A,FAM83D,FAM8A1,FASTKD1,FASTKD3,FAXDC2,FBXL20,FBXL3,FBXO10,FBXO11,FBXO21,FBXO31,FBXO32,FBXO33,FBXO38,FBXO7,FCHO2,FERMT2,FGD4,FGD5,FGFRL1,FHOD1,FITM2,FKBP5,FLCN,FLT1,FLT4,FLVCR1,FLYWCH1,FMNL2,FMO2,FMO3,FMR1,FNBP1L,FNIP1,FOSL2,FOXO1,FOXO3,FOXO4,FOXQ1,FRY,FSCN3,FST,FXR1,FXR2,FZD4,GABARAPL1,GABBR1,GABBR2,GAK,GALNT15,GATA2,GCC2,GCLC,GCLM,GDA,GDF5,GDPD1,GDPD2,GHR,GID4,GIGYF1,GIT1,GIT2,GJB3,GLUD2,GLUL,GMEB2,GNA12,GNA13,GNAI1,GNRH1,GOLGA5,GOLPH3,GON4L,GOPC,GPAT4,GPBP1L1,GPC4,GPIHBP1,GPR155,GPR156,GPR182,GRHPR,GRIPAP1,GRK5,GTPBP1,GTPBP2,GZF1,HAUS3,HBP1,HBS1L,HCFC2,HDAC4,HDAC7,HECA,HECTD1,HECTD3,HERC1,HERPUD1,HERPUD2,HEY1,HGS,HIF3A,HIPK1,HIRA,HLF,HNRNPLL,HOOK1,HOOK3,HPS4,HSD17B1,HSPB8,HTRA4,HYAL2,IARS2,IDO1,IFNGR1,IFNLR1,IGF2BP2,IGFBP1,IKBKB,IKZF5,IL17RE,IL1R2,IL20RB,IL2RA,IL6ST,ILRUN,ING3,ING5,INPP5F,INPP5K,INSIG2,INSR,INTS6L,IP6K1,IPMK,IPO5,IRAK3,IRF2,IRF2BP2,IRS1,IRS2,IRX1,IST1,ISYNA1,ITCH,ITGA10,ITGB1,ITGB5,ITPKC,ITPR1,ITPR3,ITSN2,IVD,JADE1,JADE2,JCAD,JDP2,JMJD1C,JMY,JPH1,JUNB,KALRN,KANK2,KANK3,KANSL2,KANSL3,KAT2B,KAT6B,KAT7,KCND1,KCNG2,KCNH6,KCNIP2,KCNJ15,KCNK1,KCTD10,KCTD3,KCTD9,KDM1A,KDM3A,KDM3B,KDM4C,KHDC4,KHNYN,KIF2A,KIZ,KLF13,KLF15,KLF6,KLF8,KLF9,KLHL15,KLHL21,KLHL24,KMT2B,KMT2E,KMT5A,KMT5B,KPNA1,KPNA4,KRI1,KRIT1,KRT80,LAMA4,LAMB1,LAMB2,LAMP2,LANCL1,LARP1B,LARP4,LARP6,LATS1,LBR,LCA5,LCN2,LETM1,LETMD1,LHX6,LIFR,LIMK2,LIN54,LIN9,LIPE,LMBR1L,LMO7,LPAR3,LPIN1,LPIN2,LRRC32,LRRC52,LRRC8A,LRRC8B,LRRN3,LSG1,LSM14A,LTN1,LTO1,LUC7L2,LZTS3,MACO1,MAF1,MAFF,MAFG,MAFK,MAN1C1,MAP3K10,MAP3K3,MAP3K6,MAP3K8,MAP6,MAPK8IP3,MAPKAPK2,MARCHF5,MARCHF6,MARCHF7,MARK3,MARS1,MAT2A,MATN3,MBNL2,MBTD1,MCAM,MCF2L,MCL1,MCMBP,MCTP2,MDM2,MED13,MED13L,MED15,MEF2A,MEIS1,MERTK,MFN1,MIA3,MICALL1,MINDY3,MKNK2,MLLT10,MLXIP,MMP14,MMP19,MMUT,MOCS1,MON2,MORC2,MORC3,MOSMO,MPDZ,MPHOSPH9,MPZL2,MRE11,MRTFB,MSL1,MSL3,MTFR1,MTMR2,MTMR4,MTRR,MTURN,MUL1,MXD4,MXI1,MYD88,MYO1B,MYO1E,MYSM1,NADK,NAP1L1,NBR1,NCDN,NCKAP1,NDRG2,NDST2,NEBL,NEK7,NEMP1,NET1,NFE2L1,NFIL3,NFKBIA,NFS1,NFX1,NFXL1,NHLRC3,NIBAN2,NIPBL,NLGN3,NLN,NOTCH4,NOX4,NPAT,NPC1,NPEPPS,NPLOC4,NPR2,NPTX2,NRBP2,NRDC,NRDE2,NSD3,NTN4,NUB1,NUMB,NUP153,NUP160,NUP98,NVL,NXF1,OAT,ODC1,ODF2,OFD1,ORC4,OSGIN1,OSMR,OTUD3,OTUD7B,OVGP1,OVOL2,OXSR1,P4HA2,PACSIN2,PACSIN3,PAFAH1B1,PAIP2B,PALM3,PAN2,PAN3,PANX2,PAPOLA,PAPOLG,PAQR7,PARD6B,PARD6G,PATL1,PATZ1,PAXBP1,PAXIP1,PBX3,PBXIP1,PCBP2,PCF11,PCM1,PCYT1A,PDCD7,PDE4C,PDE4DIP,PDE7A,PDK2,PDK4,PDLIM2,PDLIM5,PDP1,PDP2,PDS5A,PDS5B,PDZD8,PEAR1,PEG3,PELI1,PELI2,PER1,PER2,PEX26,PEX5,PFKFB1,PFKFB3,PFKL,PHF10,PHF13,PHF20,PHF20L1,PHF3,PHF8,PHLDB1,PI4K2A,PIAS2,PIAS3,PICALM,PIDD1,PIGA,PIK3C2A,PIK3CA,PIK3CB,PIK3IP1,PIK3R1,PIM1,PIM3,PIP5K1A,PIP5K1B,PIP5K1C,PISD,PITPNB,PKD1,PKD2,PKMYT1,PKN2,PKP4,PLA1A,PLAT,PLCD1,PLCG1,PLEKHA1,PLEKHA3,PLEKHA7,PLEKHF2,PLEKHM1,PLEKHM2,PLK1,PLOD2,PLVAP,PML,PNPLA2,PNPLA7,PNPLA8,PNRC1,POC1A,POC1B,POLD2,POLE,POLE3,POLR3B,POLR3F,POLRMT,POPDC2,POR,PPFIA1,PPFIBP1,PPIP5K1,PPM1A,PPM1D,PPM1K,PPP1R12A,PPP1R12C,PPP1R13B,PPP1R15A,PPP1R2,PPP2R1B,PPP2R5B,PPP4R1,PPP4R2,PPP4R3A,PPP4R3B,PPP6R2,PPP6R3,PRDM4,PRDX6,PREB,PREX2,PRKAA1,PRKCE,PRKCI,PRKRIP1,PRKX,PRODH,PRPF18,PRPF39,PRPF4,PRPF40B,PRPF4B,PRSS56,PSEN2,PSKH1,PTEN,PTGS1,PTP4A3,PTPN12,PTPRB,PTPRR,PUM1,PUM2,PURG,PVR,PXK,PYGO1,QKI,RAB11FIP5,RAB21,RAB3A,RAB3GAP2,RABGAP1,RABGEF1,RAD21,RAF1,RAI14,RALBP1,RANBP2,RANBP9,RAP1GAP,RAPGEF3,RAPGEF5,RASA2,RASGEF1B,RASL10A,RASSF4,RASSF8,RB1,RB1CC1,RBL2,RBM17,RBM27,RBM46,RBM6,RBMS2,RC3H2,RCOR3,RELA,RELN,RESF1,RETREG2,RETREG3,RETSAT,REV1,RFC3,RHBDD2,RHOBTB1,RHOT2,RIC1,RIC8A,RIC8B,RICTOR,RIF1,RIOK3,RIOX1,RIPK1,RIPK4,RIPOR1,RLF,RMND5A,RNASE1,RNF103,RNF115,RNF13,RNF19B,RNF20,RNF31,RNF40,RNF41,RORC,RPH3AL,RPS6KB1,RUFY1,RUFY2,S100A6,S1PR1,SAFB2,SAMD4B,SAMHD1,SAP30L,SART1,SART3,SAV1,SBF1,SBNO1,SCAF11,SCAF8,SCARF1,SCNN1A,SCUBE1,SDE2,SDR16C5,SEC24A,SEC24B,SEC63,SECISBP2,SEH1L,SEMA3B,SEMA4B,SEMA4F,SEMA6A,SEMA6B,SEMA6D,SENP2,SENP6,SEPHS2,SEPSECS,SERINC1,SERPINE1,SERPINE2,SESN1,SESN2,SESTD1,SETD1A,SETD2,SETD7,SF1,SFMBT1,SFSWAP,SFT2D2,SFXN2,SGK1,SGMS1,SGSM3,SGTB,SH2D3C,SH3BP5L,SH3D21,SHLD2,SHPRH,SIK1,SIK3,SIN3B,SIRT1,SIRT2,SLC10A1,SLC10A6,SLC12A4,SLC16A11,SLC16A12,SLC17A2,SLC17A5,SLC18A2,SLC19A3,SLC20A1,SLC23A3,SLC25A16,SLC25A22,SLC25A29,SLC25A37,SLC25A40,SLC25A46,SLC25A47,SLC25A51,SLC2A12,SLC35D1,SLC35E1,SLC36A4,SLC38A2,SLC38A9,SLC39A1,SLC3A2,SLC40A1,SLC41A2,SLC43A1,SLC43A3,SLC46A3,SLC4A7,SLC5A6,SLC66A1,SLC66A2,SLC6A2,SLC6A8,SLC6A9,SLC7A6,SLC7A8,SLC8B1,SLCO2A1,SLCO5A1,SLFN5,SLK,SLMAP,SLTM,SMAD4,SMAD9,SMAP1,SMARCA5,SMARCD2,SMC6,SMURF1,SMURF2,SNX21,SNX25,SNX33,SNX8,SNX9,SOCS3,SORBS1,SORBS3,SORCS3,SORD,SOS2,SOX13,SPAAR,SPAG9,SPART,SPATA6,SPHK1,SPIDR,SPIRE1,SPRY1,SPRY2,SPTAN1,SQSTM1,SREK1,SRP68,SRPK1,SRPK2,SRSF4,SSX2IP,ST6GALNAC6,STAG1,STAG2,STAM,STARD8,STAT2,STAT3,STAU2,STK35,STOX1,STRIP2,STX16,STX3,STXBP3,STXBP5,SUDS3,SUOX,SUPT16H,SUPT20H,SUPT5H,SUSD6,SUZ12,SVEP1,SYBU,SYN2,SYVN1,TAB2,TACC1,TADA2A,TAF3,TAF4,TAF4B,TAF5,TAF6,TAF8,TAMALIN,TANGO2,TAOK3,TAPT1,TATDN2,TBC1D10A,TBC1D20,TBC1D25,TBC1D4,TBX5,TCAP,TCF23,TEAD3,TEF,TEKT4,TENT2,TENT4B,TENT5B,TESK1,TESK2,TEX2,TFAP4,TFDP2,TGDS,TGFBR1,TGFBR3,TGM2,TIMP3,TIMP4,TIRAP,TLK1,TLK2,TLR4,TMBIM1,TMBIM6,TMCC1,TMED5,TMEM150A,TMEM170A,TMEM215,TMEM87A,TMEM8B,TMEM91,TMF1,TMOD1,TMOD3,TMTC2,TNFRSF12A,TNKS1BP1,TNKS2,TNPO1,TNRC6A,TNS2,TOB2,TOGARAM1,TOM1,TOPBP1,TOR1AIP1,TOR1AIP2,TOX2,TOX3,TRAK2,TRAPPC11,TRIM16,TRIM23,TRIM24,TRIM33,TRIM41,TRIM62,TRIM9,TRIOBP,TRIP10,TRIP12,TRIP13,TRMT1L,TRPC4AP,TRPM7,TSC22D3,TSPAN2,TSPYL2,TTC17,TTR,TUBE1,TUFT1,TULP3,TUT4,TUT7,TXLNA,TXLNG,TXNIP,TXNRD1,TYW5,UBE2G2,UBE4A,UBP1,UBQLN4,UBR3,UBR5,UBXN7,UHRF2,ULK1,ULK2,UNC13D,UNG,UPF2,USO1,USP12,USP14,USP2,USP20,USP32,USP33,USP34,USP43,USP47,USP48,USP53,USP7,UTP14A,VDR,VEGFD,VEZF1,VIPR1,VPS37C,VPS54,VSTM4,WAC,WAPL,WARS1,WASHC4,WBP11,WDR59,WDR7,WDR90,WEE1,WIPI1,WIPI2,WNT9A,WWTR1,XDH,XPO5,XPR1,YAP1,YBX3,YEATS2,YES1,YTHDC1,YTHDC2,YTHDF1,YY1,ZBTB16,ZBTB2,ZBTB24,ZBTB38,ZC3H10,ZC3H12C,ZC3H14,ZC3H3,ZC3H6,ZCCHC8,ZDHHC8,ZFAND5,ZFC3H1,ZFP36,ZFP91,ZFX,ZFYVE1,ZFYVE27,ZFYVE28,ZFYVE9,ZHX1,ZHX2,ZHX3,ZKSCAN5,ZMYM2,ZMYND11,ZNF106,ZNF131,ZNF280D,ZNF3,ZNF318,ZNF335,ZNF366,ZNF451,ZNF496,ZNF568,ZNF574,ZNF598,ZNF638,ZNF653,ZNF667,ZNF697,ZNF740,ZRANB1,ZWILCH,ZXDB",1348,1396,1346.01,1348,-36.7151195013716,-0.503460122701282,"turquoise"
"GO:0018105","GO:0018105","peptidyl-serine phosphorylation",0.145,"AXIN1,BCAR3,CAB39,CAMK2D,CAV1,CDK2,CLSPN,CREBL2,CSNK1D,CSNK1E,CSNK2A2,DDIT4,DYRK1A,DYRK3,EGFR,FNIP1,HIPK1,IKBKB,INPP5F,INPP5K,LATS1,MAP3K10,MAPKAPK2,MARK3,MKNK2,MORC3,NEK7,PIK3CA,PKD1,PKN2,PLK1,PRKAA1,PRKCE,PRKCI,PRKX,PTEN,RAF1,RAPGEF3,RICTOR,RIPK1,RPS6KB1,SGK1,SH2D3C,SPRY2,SRPK2,STOX1,TGFBR1,TLK1,TLK2,TNKS1BP1,ULK1,ULK2",52,52,50.14,52,-7.21110255092798,-0.464357007518374,"turquoise"
"GO:0018209","GO:0018209","peptidyl-serine modification",0.145,"AXIN1,BCAR3,CAB39,CAMK2D,CAV1,CDK2,CLSPN,CREBL2,CSNK1D,CSNK1E,CSNK2A2,DDIT4,DYRK1A,DYRK3,EGFR,FNIP1,HIPK1,IKBKB,INPP5F,INPP5K,LATS1,MAP3K10,MAPKAPK2,MARK3,MKNK2,MORC3,NEK7,PIK3CA,PKD1,PKN2,PLK1,PRKAA1,PRKCE,PRKCI,PRKX,PTEN,RAF1,RAPGEF3,RICTOR,RIPK1,RPS6KB1,SGK1,SH2D3C,SPRY2,SRPK2,STOX1,TGFBR1,TLK1,TLK2,TNKS1BP1,ULK1,ULK2",52,52,50.14,52,-7.21110255092798,-0.464357007518374,"turquoise"
"GO:0008285","GO:0008285","negative regulation of cell population proliferation",0.145,"ADM,APPL2,ARG2,ARID2,ATF2,ATF5,ATG101,ATG13,AZGP1,B4GALT1,BAP1,BCL6,BTG2,CAV1,CAV2,CBLB,CDKN1A,CDKN1B,CEBPB,CELF1,CGRRF1,CITED2,DAB2,DLG1,DNAJA3,DNAJB2,DUSP1,ERBB2,FGFRL1,FLCN,FLT1,FNIP1,FOXO4,GABBR1,GATA2,GDF5,GNA12,GNA13,HGS,IDO1,IFNLR1,IL20RB,IL2RA,ING5,ITCH,KANK2,KAT2B,KLF13,KLF9,KRIT1,LRRC32,MARCHF7,MORC3,NDRG2,NIBAN2,NOX4,OVOL2,PDS5B,PELI1,PER2,PKD2,PML,PPM1D,PTEN,RAF1,RAP1GAP,RB1,RB1CC1,RNF41,SAV1,SERPINE2,SF1,SIRT2,SMAD4,SPRY1,SPRY2,STAT3,TBX5,TENT5B,TFAP4,TGFBR1,TGFBR3,TNS2,TOB2,TRIM24,ULK1,VDR,WARS1,WNT9A,XDH,ZBTB16",91,92,88.71,91,-9.53939201416946,-0.586756720460423,"turquoise"
"GO:0051169","GO:0051169","nuclear transport",0.151,"AGFG1,AGT,AHCTF1,AHCYL1,AKAP8L,ALKBH5,APPL2,ATF2,AXIN1,BAG3,CASC3,CBLB,CDAN1,CDKN1A,CDKN1B,CHP1,CHTOP,CRY2,CTDSPL2,DDX19B,EIF4ENIF1,HYAL2,IPO5,KPNA1,KPNA4,LSG1,NFKBIA,NRDE2,NUP153,NUP160,NUP98,NXF1,PIK3R1,PKD1,PML,PPM1A,PPP1R12A,RANBP2,RAPGEF3,SEH1L,SETD2,SMURF1,SQSTM1,STAT3,TNPO1,TXNIP,UBR5,UPF2,WASHC4,XPO5,YTHDC1",51,51,49.17,51,-7.14142842854285,-0.43914947708786,"turquoise"
"GO:0006913","GO:0006913","nucleocytoplasmic transport",0.151,"AGFG1,AGT,AHCTF1,AHCYL1,AKAP8L,ALKBH5,APPL2,ATF2,AXIN1,BAG3,CASC3,CBLB,CDAN1,CDKN1A,CDKN1B,CHP1,CHTOP,CRY2,CTDSPL2,DDX19B,EIF4ENIF1,HYAL2,IPO5,KPNA1,KPNA4,LSG1,NFKBIA,NRDE2,NUP153,NUP160,NUP98,NXF1,PIK3R1,PKD1,PML,PPM1A,PPP1R12A,RANBP2,RAPGEF3,SEH1L,SETD2,SMURF1,SQSTM1,STAT3,TNPO1,TXNIP,UBR5,UPF2,WASHC4,XPO5,YTHDC1",51,51,49.17,51,-7.14142842854285,-0.43914947708786,"turquoise"
"GO:0016477","GO:0016477","cell migration",0.153,"ACVR1B,ADAM9,ADIPOR1,AGT,ALKBH1,ANKS1A,APPL2,AQP1,ARC,ARHGEF5,ARID2,ARID4A,ARID4B,B4GALT1,BCR,BMPER,BRMS1L,CALCA,CARD10,CARMIL1,CAV1,CCAR1,CCBE1,CCDC141,CCN2,CD2AP,CDC42BPA,CELSR2,CEP85L,CITED2,CLDN1,CORO6,CRK,CSF1,CXCR2,DAB2,DDIT4,DIXDC1,DUSP1,EGFR,EPB41L4B,EPB41L5,FAM83D,FBXO31,FERMT2,FLCN,FLT1,FLT4,FMNL2,FOXO3,FOXO4,FSCN3,FZD4,GATA2,GLUL,GNA12,GNA13,GNRH1,GOLPH3,GPC4,HDAC7,HYAL2,INSR,IRS2,ITGB1,ITGB5,JCAD,KANK2,KIF2A,KRIT1,LAMA4,LAMB1,LHX6,MAP3K3,MCAM,MERTK,MIA3,MMP14,MYD88,MYSM1,NCKAP1,NET1,NIPBL,NTN4,NUMB,OSGIN1,OVOL2,OXSR1,PAFAH1B1,PARD6B,PATZ1,PAXIP1,PBXIP1,PCM1,PEX5,PIK3C2A,PIK3CA,PIK3CB,PIK3R1,PIP5K1A,PIP5K1C,PKN2,PLAT,PLCG1,PLVAP,PML,PRKCE,PRKCI,PRKX,PRSS56,PTEN,PTP4A3,PTPRB,PTPRR,RABGEF1,RELN,RIC8A,RIPOR1,RNF20,RNF41,RPS6KB1,S1PR1,SAP30L,SEMA3B,SEMA4B,SEMA4F,SEMA6A,SEMA6B,SEMA6D,SERPINE1,SERPINE2,SETD2,SGK1,SH3D21,SIN3B,SIRT1,SLC8B1,SLK,SMAD4,SMURF2,SPAG9,SPHK1,SPRY2,STAT3,STRIP2,SUDS3,TBX5,TESK1,TGFBR1,TGFBR3,TIRAP,TLR4,USP33,VEGFD,VSTM4,YES1,ZFAND5,ZRANB1",158,161,155.23,158,-12.5698050899765,-0.548973907375568,"turquoise"
"GO:0030099","GO:0030099","myeloid cell differentiation",0.156,"ACTN1,ACVR1B,ACVR2A,ADGRF5,ALAS1,ARID4A,BAP1,BCL6,BRD1,CEBPB,CEBPG,CFLAR,CITED2,CSF1,CUL4A,DYRK3,EPAS1,FAXDC2,FLVCR1,FOXO3,GATA2,JUNB,KAT7,KLF13,KMT2E,LBR,MEIS1,MTURN,NFKBIA,PAFAH1B1,PIAS3,PIK3R1,PML,PRKX,RB1,RIPK1,RNF41,SIRT1,SLC25A40,SMAP1,STAT3,TGFBR3,TIRAP,TLR4,TMOD3,TOB2,TSPAN2,VPS54,ZBTB16,ZFP36",50,50,48.21,50,-7.07106781186547,-0.523269543721742,"turquoise"
"GO:0009617","GO:0009617","response to bacterium",0.156,"ABCA1,ADAM9,ADM,AKAP8,ANKRD17,AQP1,ARG2,ASS1,BAIAP2,BCR,BNIP3,CAV1,CCDC186,CD14,CEBPB,CEP192,CLDN1,CSF1,CYP2E1,DHX15,ERBIN,EVPL,FKBP5,GIT1,IDO1,IRAK3,LCN2,MAPKAPK2,MYD88,NFKBIA,PALM3,PELI1,PPM1D,PRKCE,RELA,RNASE1,RNF31,RPS6KB1,SEH1L,SERPINE1,SIRT2,SLC17A5,TAB2,TIMP4,TIRAP,TLR4,TMF1,TRIM41,VEGFD,ZFP36",50,50,48.21,50,-7.07106781186547,-0.681033054706536,"turquoise"
"GO:0040008","GO:0040008","regulation of growth",0.159,"ACVR1B,ADIPOR1,ADRB2,AGT,BAP1,BCL2L1,BCL6,CAMK2D,CCNB2,CDKN1A,CDKN1B,CDKN2AIP,CGRRF1,CISH,CITED2,CSF1,CTDP1,DAB2,DACT3,DCAF1,DCUN1D3,DDX3X,DNAJB2,EGFR,ERBB2,FLCN,FLVCR1,GDF5,GHR,GPAT4,HYAL2,IGFBP1,ING5,INSR,IST1,ITCH,ITSN2,JADE1,JADE2,KAT7,LATS1,LPAR3,MMP14,MUL1,NET1,NIPBL,OSGIN1,PAFAH1B1,PEX5,PIK3CA,PIM1,PML,PTEN,RAB21,RB1,RICTOR,RPS6KB1,SAV1,SEMA3B,SEMA4B,SEMA4F,SEMA6A,SEMA6B,SEMA6D,SERPINE2,SESN2,SGK1,SIRT1,SMAD4,SMURF1,SPAAR,SPAG9,SPART,SPHK1,STAT3,TBX5,TGFBR1,TGFBR3,TNKS2,TSPYL2,ULK1,ULK2,USP47,VPS54,YAP1,YBX3,YY1,ZFYVE27",88,89,85.81,88,-9.38083151964686,-0.528016320793364,"turquoise"
"GO:0032787","GO:0032787","monocarboxylic acid metabolic process",0.162,"ACSM5,ADIPOR1,ADIPOR2,ALDH1A3,ALOXE3,APPL2,CAV1,CYP2E1,CYP2S1,CYP4B1,DCAF5,DDIT4,DHTKD1,ELOVL5,FAH,FLCN,FMO2,GIT1,GPAT4,GRHPR,HDAC4,IDO1,INSIG2,INSR,IRS1,IRS2,IVD,LPIN1,LPIN2,MMUT,MORC2,NPC1,PDK2,PDK4,PER2,PEX5,PFKFB1,PFKL,PNPLA8,POR,PRKAA1,PRKCE,PTGS1,QKI,SESN2,SIRT1,SLC6A8,SORD,STAT3",49,49,47.25,49,-7,-0.723747678816769,"turquoise"
"GO:0034504","GO:0034504","protein localization to nucleus",0.162,"AGT,APPL2,ATF2,BAG3,CARD10,CBLB,CD2AP,CDKN1A,CHP1,CIZ1,CRY2,EIF4ENIF1,FERMT2,FLCN,GLUL,HYAL2,ILRUN,IPO5,KAT7,KPNA1,KPNA4,LATS1,LIMK2,MDM2,MORC3,NFKBIA,NUP153,NUP98,NVL,OTUD7B,PIK3R1,PLK1,PML,PYGO1,RANBP2,SESN2,SQSTM1,STAT3,TAF3,TAF8,TESK1,TNPO1,TOR1AIP1,TOR1AIP2,TXNIP,UBR5,WWTR1,YAP1,ZBTB16",49,49,47.25,49,-7,-0.445786389138765,"turquoise"
"GO:0051239","GO:0051239","regulation of multicellular organismal process",0.168,"ABCA1,ACVR1B,ACVR2A,ACVR2B,ADAM9,ADGRF5,ADIPOR1,ADIPOR2,ADM,ADRB2,AGT,AHI1,AKAP8,ANGPTL4,ANGPTL7,ANKRD27,APPL2,AQP1,ARG2,ARID2,ARID4A,ARID4B,ARRDC3,ATF2,ATP1A1,ATP1B1,ATP2B1,BAIAP2,BAP1,BCL6,BCL7B,BCR,BMPER,BRD1,BRMS1L,BRPF1,BRPF3,BTBD7,BTG2,CALCA,CALCRL,CAMK2D,CARD10,CAV1,CBLB,CCBE1,CCN2,CD14,CD2AP,CD320,CDH3,CDKN1A,CDKN1B,CEBPB,CEBPG,CEMIP2,CITED2,CNOT1,CNOT2,CNTF,COMP,CRY1,CRY2,CSF1,CTDP1,CTDSP1,CUL4A,CXCR2,DAB2,DACT3,DDX3X,DHRS3,DIXDC1,DLG1,DLL3,DNAJA3,ECE1,EGFR,EHMT1,EIF2AK4,ELF1,EPAS1,EPB41,EPB41L4B,EPB41L5,ERBB2,ERBB3,ERBIN,ERRFI1,FAXDC2,FBXO31,FBXO32,FBXO7,FERMT2,FLCN,FLT1,FLT4,FLVCR1,FMR1,FOXO1,FOXO3,FOXO4,FST,FZD4,GATA2,GCLC,GDF5,GHR,GIT1,GLUL,GPAT4,GPIHBP1,HDAC4,HDAC7,HEY1,HGS,HIPK1,HOOK3,HYAL2,IDO1,IFNGR1,IGF2BP2,IKBKB,IL1R2,IL20RB,IL2RA,IL6ST,ILRUN,ING5,INPP5K,INSR,IP6K1,IRAK3,IRS2,IST1,ITCH,ITGB1,JCAD,JUNB,KAT2B,KAT6B,KAT7,KCNG2,KCNH6,KCNIP2,KDM1A,KDM3A,KLF13,KMT5B,KRIT1,LAMA4,LATS1,LCN2,LPAR3,LPIN1,LRRC32,LRRN3,MAFF,MAFG,MAP3K3,MAP3K8,MAP6,MAPKAPK2,MARCHF7,MDM2,MEF2A,MEIS1,MERTK,MMP14,MRTFB,MTMR2,MTURN,MUL1,MYD88,MYSM1,NAP1L1,NBR1,NDRG2,NFKBIA,NIBAN2,NIPBL,NLGN3,NOTCH4,NPLOC4,NPTX2,NRDC,NTN4,NUMB,OTUD7B,OVOL2,PAFAH1B1,PANX2,PATZ1,PAXIP1,PBX3,PCM1,PDK4,PELI1,PER1,PER2,PEX5,PHF10,PHLDB1,PIAS3,PIK3C2A,PIK3CA,PIK3CB,PIK3R1,PIM1,PLAT,PLCG1,PLEKHM1,PML,POLR3B,POLR3F,POPDC2,POR,PRKCE,PRKCI,PRKX,PTEN,PTPRR,RAB11FIP5,RAB21,RABGEF1,RAP1GAP,RAPGEF3,RB1,RC3H2,RELA,RELN,RIF1,RIOK3,RIPK1,RNF41,RPS6KB1,S1PR1,SAP30L,SART1,SAV1,SEMA3B,SEMA4B,SEMA4F,SEMA6A,SEMA6B,SEMA6D,SERPINE1,SERPINE2,SETD2,SFMBT1,SGK1,SHLD2,SIRT1,SIRT2,SMAD4,SMAP1,SMARCD2,SMURF1,SMURF2,SOS2,SOX13,SPAAR,SPART,SPHK1,SPRY1,SPRY2,STAT3,STAU2,STOX1,SUDS3,TADA2A,TAPT1,TBX5,TGFBR1,TGFBR3,TGM2,TIRAP,TLR4,TMBIM1,TMEM65,TMF1,TNKS2,TOB2,TRIM16,TRIM62,TRIP12,TXLNG,ULK1,ULK2,UNC13D,VDR,VEGFD,VEZF1,WARS1,WNT9A,WWTR1,XDH,YAP1,YBX3,YEATS2,YES1,YY1,ZBTB16,ZBTB2,ZFP36,ZFYVE27,ZNF131,ZNF335",308,316,304.68,308,-17.5499287747842,-0.565576132718748,"turquoise"
"GO:0060341","GO:0060341","regulation of cellular localization",0.171,"ADAM9,ADCY5,AKAP8L,ANO1,ARHGEF5,ARIH2,ATG13,ATP9A,BAG3,BAP1,BCL2L1,BMPER,BNIP3L,BORA,C1QTNF12,CAMK2D,CARD10,CAV1,CCNE2,CD2AP,CELSR2,CENPQ,CEP120,CEP290,CHP1,CSNK1E,CSNK2A2,CTDSPL2,DAB2,DLG1,EGFR,EHD1,EPB41,EPB41L5,ERBB2,EXPH5,FERMT2,FLCN,FOXO1,GCC2,GLUL,GNAI1,GOLPH3,GOPC,GPC4,GRIPAP1,HECTD1,HPS4,HYAL2,ILRUN,INPP5F,INPP5K,IPO5,IRS1,IRS2,ITGB1,ITPR1,KAT7,KDM1A,LATS1,LIMK2,LRRC8A,MMP14,MTMR2,NPEPPS,NRDE2,NUMB,NUP153,NVL,OTUD7B,PARD6B,PARD6G,PCM1,PER2,PFKL,PICALM,PIK3R1,PIM3,PLEKHM2,PLK1,PML,PPFIA1,PPM1A,PPP1R12A,PRKAA1,PRKCE,PRKCI,PTP4A3,RAB11FIP5,RAB21,RAPGEF3,RIPOR1,RNF31,RPH3AL,SEC24A,SEC24B,SESN2,SETD2,SLC25A22,SLC8B1,SNX33,SORBS1,SPIDR,SQSTM1,STX3,STXBP5,TAMALIN,TBC1D20,TESK1,TLR4,TMBIM1,TMBIM6,UBE2G2,UBR5,USP7,WAPL,WWTR1,YAP1,ZDHHC8,ZFP36",120,122,117.63,120,-10.9544511501033,-0.442574246831019,"turquoise"
